estimate,term
-0.00716600905930488,"School
holiday"
-0.121394459466084,"Public
holiday"
0.0508155627506056,Fri
0.0566044527646581,Thu
0.0288828184582079,Tue
0.0484688147706287,Wed
